{
  "random_forest": {
    "name": "Random Forest",
    "accuracy": 0.9655172413793104,
    "precision": 0.9533678756476683,
    "recall": 0.9787234042553191,
    "f1": 0.9658792650918635,
    "auc": 0.995384442192953
  },
  "gradient_boosting": {
    "name": "XGBoost (GPU)",
    "accuracy": 0.986737400530504,
    "precision": 0.9945945945945946,
    "recall": 0.9787234042553191,
    "f1": 0.9865951742627346,
    "auc": 0.9993808398063717
  },
  "top_features": {
    "Cannabis_num": 0.2688476031160121,
    "Total_Drug_Use": 0.1487420133793473,
    "Country": 0.06713131975400545,
    "Legalh_num": 0.05658750481861603,
    "Mushrooms_num": 0.04368091564294094,
    "Ecstasy_num": 0.04243553190229514,
    "Amphet_num": 0.03514458839511922,
    "LSD_num": 0.03199685019137464,
    "Meth_num": 0.023501669276457565,
    "Coke_num": 0.022792077180674865,
    "Ecstasy_ever": 0.019972768573911268,
    "LSD_ever": 0.018681510331258738,
    "Age": 0.01647177623956972,
    "Risk_Personality": 0.014844968109273271,
    "Nicotine_num": 0.014336754892253351
  },
  "dataset": {
    "rows": 1885,
    "features": 47,
    "train": 1508,
    "test": 377
  }
}